"filename", "language", "Dart", "comment", "blank", "total"
"/Users/bitels/AndroidStudioProjects/tenet_finance/lib/features/Home/ui/views/home_view.dart", "Dart", 236, 0, 17, 253
"/Users/bitels/AndroidStudioProjects/tenet_finance/lib/features/Navigation/controllers/navigation_controller.dart", "Dart", 10, 0, 3, 13
"/Users/bitels/AndroidStudioProjects/tenet_finance/lib/features/Navigation/domain/entities/nav_item_model.dart", "Dart", 13, 0, 3, 16
"/Users/bitels/AndroidStudioProjects/tenet_finance/lib/features/Navigation/ui/views/navigation_view.dart", "Dart", 305, 1, 25, 331
"/Users/bitels/AndroidStudioProjects/tenet_finance/lib/features/Transaction/controllers/transaction_controller.dart", "Dart", 19, 0, 7, 26
"/Users/bitels/AndroidStudioProjects/tenet_finance/lib/features/Transaction/controllers/transaction_sort_controller.dart", "Dart", 62, 17, 14, 93
"/Users/bitels/AndroidStudioProjects/tenet_finance/lib/features/Transaction/controllers/transactions_list_controller.dart", "Dart", 33, 0, 7, 40
"/Users/bitels/AndroidStudioProjects/tenet_finance/lib/features/Transaction/domain/entities/transaction.dart", "Dart", 43, 0, 7, 50
"/Users/bitels/AndroidStudioProjects/tenet_finance/lib/features/Transaction/domain/entities/transaction_category.dart", "Dart", 19, 0, 3, 22
"/Users/bitels/AndroidStudioProjects/tenet_finance/lib/features/Transaction/domain/repo/hive/transaction_category_hive.dart", "Dart", 30, 0, 4, 34
"/Users/bitels/AndroidStudioProjects/tenet_finance/lib/features/Transaction/domain/repo/hive/transaction_category_hive.g.dart", "Dart", 37, 4, 8, 49
"/Users/bitels/AndroidStudioProjects/tenet_finance/lib/features/Transaction/domain/repo/hive/transaction_hive.dart", "Dart", 38, 0, 8, 46
"/Users/bitels/AndroidStudioProjects/tenet_finance/lib/features/Transaction/domain/repo/hive/transaction_hive.g.dart", "Dart", 42, 4, 8, 54
"/Users/bitels/AndroidStudioProjects/tenet_finance/lib/features/Transaction/domain/repo/transaction_repo.dart", "Dart", 29, 0, 5, 34
"/Users/bitels/AndroidStudioProjects/tenet_finance/lib/features/Transaction/logic/financial_report.dart", "Dart", 20, 0, 6, 26
"/Users/bitels/AndroidStudioProjects/tenet_finance/lib/features/Transaction/ui/views/transaction_edit_view.dart", "Dart", 117, 0, 15, 132
"/Users/bitels/AndroidStudioProjects/tenet_finance/lib/features/Transaction/ui/views/transaction_list_view.dart", "Dart", 360, 2, 23, 385
"/Users/bitels/AndroidStudioProjects/tenet_finance/lib/features/Transaction/utils/show_edit_transaction_dialog.dart", "Dart", 35, 0, 3, 38
"Total", "-", 1448, 28, 166, 1642